Vocaloid,hatsukoi,png,2020/6/22,初恋,
Request,request6,jpg,2020/6/14,立花彩 &ハナ,https://www.pixiv.net/artworks/82321558
Vocaloid,vocaloid19,jpg,2020/5/31,ネギとミク,https://www.pixiv.net/artworks/81975392
Original,original5,jpg,2020/5/23,猫っ娘２,https://www.pixiv.net/artworks/81799212
Vocaloid,vocaloid18,jpg,2020/5/16,Ahead,https://www.pixiv.net/artworks/81610323
Request,request5,jpg,2020/5/6,探偵の休暇,https://www.pixiv.net/artworks/81355828
Request,request4,jpg,2020/5/5,風の聖痕,https://www.pixiv.net/artworks/81324512
FanFiction,fanfiction8,jpg,2020/4/20,カモメ・ナルミ,https://www.pixiv.net/artworks/80935593
Request,request3,jpg,2020/4/13,ウルボーグ,https://www.pixiv.net/artworks/80768069
Vocaloid,vocaloid17,jpg,2020/4/4,桜とミク,https://www.pixiv.net/artworks/80561906
Request,request2,jpg,2020/3/14,丈槍由紀,https://www.pixiv.net/artworks/80120569
Vocaloid,vocaloid16,jpg,2020/3/9,39,https://www.pixiv.net/artworks/80012376
Vocaloid,vocaloid15,jpg,2020/3/7,いっしょに行こ！,https://www.pixiv.net/artworks/79955496
Original,original4,jpg,2020/2/22,猫っ娘,https://www.pixiv.net/artworks/79661077
Request,request1,jpg,2020/2/17,ウルボーグ,https://www.pixiv.net/artworks/79560180
FanFiction,fanfiction7,jpg,2020/1,タピオカデート,https://www.pixiv.net/artworks/78920917
Vocaloid,vocaloid14,jpg,2020/1/1,お正月ミク,https://www.pixiv.net/artworks/78627621
FanFiction,fanfiction6,jpg,2019/12/26,メリークリスマス,https://www.pixiv.net/artworks/78494384
Vocaloid,vocaloid13,jpg,2019/12/10,また、ミライで,https://www.pixiv.net/artworks/78227235
FanFiction,fanfiction5,jpg,2019/12/8,あーん,https://www.pixiv.net/artworks/78194704
FanFiction,fanfiction4,jpg,2019/12/4,運命,https://www.pixiv.net/artworks/78127958
Vocaloid,vocaloid12,jpg,2019/12/1,猫リンちゃん,https://www.pixiv.net/artworks/78075928
Vocaloid,vocaloid11,jpg,2019/11/24,「マスターいい夕焼けですね」,https://www.pixiv.net/artworks/77973546
Vocaloid,BackGroundImg_VOCALOID,jpg,2019/11,ボーカロイド達,https://www.pixiv.net/artworks/77848631
Vocaloid,vocaloid10,jpg,2019/11,Happy!Halloween!!,https://www.pixiv.net/artworks/77590333
Vocaloid,vocaloid9,jpg,2019/10/23,初音ミク,https://www.pixiv.net/artworks/77446426
Vocaloid,vocaloid8,jpg,2019/9/3,中華バイト鏡音リン,https://www.pixiv.net/artworks/76607637
Vocaloid,vocaloid7,jpg,2019/9/1,初音ミク2019生誕祭イラスト,https://www.pixiv.net/artworks/76565693
Vocaloid,vocaloid6,jpg,2019/8/25,初音ミク,https://www.pixiv.net/artworks/76459412
FanFiction,fanfiction3,jpg,2019/8/22,親子でゲーム,https://www.pixiv.net/artworks/76404663
Vocaloid,vocaloid5,jpg,2019/8/15,ピクミック,https://www.pixiv.net/artworks/76278342
Vocaloid,vocaloid4,png,2019/8/2,魔法使いミク,https://www.pixiv.net/artworks/76032745
Original,original3,jpg,2019/8/2,夏,https://www.pixiv.net/artworks/76032758
Original,original2,jpg,2019/7/19,待ち合わせ,https://www.pixiv.net/artworks/75793450
Vocaloid,vocaloid3,png,2019/7/12,タピオカコラボ,https://www.pixiv.net/artworks/75677568
Vocaloid,vocaloid2,png,2019/6/30,猫耳リンちゃん,https://www.pixiv.net/artworks/75475775
FanFiction,fanfiction2,jpg,2019/5/13,メイドルウシェ,https://www.pixiv.net/artworks/74703533
Original,original0,jpg,2019/5/5,輝く目,https://www.pixiv.net/artworks/74577109
FanFiction,fanfiction1,jpg,2019/4/28,料理をする月読調,https://www.pixiv.net/artworks/74413644
Original,original1,jpg,2019/4/7,秋,https://www.pixiv.net/artworks/74084301
Vocaloid,vocaloid1,jpg,2019/1/8,【お正月イラスト】鏡音リン,https://www.pixiv.net/artworks/72556058